-1048.467075;391.152672;91.025097;-256.511673;-311.061524;-277.041540;407.165306;69.275085;-425.671637;21.978560;-263.861211;
-1614.914126;441.848558;376.034392;475.671069;199.237430;-282.189056;245.897505;59.489902;429.827540;18.637032;65.201210;
-1614.914126;441.848558;376.034392;475.671069;199.237430;-282.189056;245.897505;59.489902;429.827540;18.637032;65.201210;
-1614.914126;441.848558;376.034392;475.671069;199.237430;-282.189056;245.897505;59.489902;429.827540;18.637032;65.201210;
-1614.914126;441.848558;376.034392;475.671069;199.237430;-282.189056;245.897505;59.489902;429.827540;18.637032;65.201210;
-1885.537904;414.602070;95.080179;377.755885;390.560790;102.201103;220.308375;423.107815;434.760175;-127.023578;-57.208067;
-1885.537904;414.602070;95.080179;377.755885;390.560790;102.201103;220.308375;423.107815;434.760175;-127.023578;-57.208067;
-1885.537904;414.602070;95.080179;377.755885;390.560790;102.201103;220.308375;423.107815;434.760175;-127.023578;-57.208067;
-1885.537904;414.602070;95.080179;377.755885;390.560790;102.201103;220.308375;423.107815;434.760175;-127.023578;-57.208067;
-2177.302820;407.409478;222.862802;361.876155;430.408589;-138.220247;39.300909;426.060175;424.887108;73.951560;220.303087;
-2217.479661;427.739241;239.875555;363.804473;412.861396;12.996027;166.689168;439.074206;421.414740;37.803823;423.798897;
-2217.479661;427.739241;239.875555;363.804473;412.861396;12.996027;166.689168;439.074206;421.414740;37.803823;423.798897;
-2217.479661;427.739241;239.875555;363.804473;412.861396;12.996027;166.689168;439.074206;421.414740;37.803823;423.798897;
-2217.479661;427.739241;239.875555;363.804473;412.861396;12.996027;166.689168;439.074206;421.414740;37.803823;423.798897;
-2217.479661;427.739241;239.875555;363.804473;412.861396;12.996027;166.689168;439.074206;421.414740;37.803823;423.798897;
-2587.022672;411.718363;79.610898;431.280815;400.934379;172.597764;367.926609;424.842464;427.051362;144.935990;406.628195;
-2827.997320;407.180967;417.340009;404.997721;408.892147;101.807958;442.386601;460.304106;388.139926;175.446417;387.928398;
-2827.997320;407.180967;417.340009;404.997721;408.892147;101.807958;442.386601;460.304106;388.139926;175.446417;387.928398;
-2827.997320;407.180967;417.340009;404.997721;408.892147;101.807958;442.386601;460.304106;388.139926;175.446417;387.928398;
-2827.997320;407.180967;417.340009;404.997721;408.892147;101.807958;442.386601;460.304106;388.139926;175.446417;387.928398;
-2827.997320;407.180967;417.340009;404.997721;408.892147;101.807958;442.386601;460.304106;388.139926;175.446417;387.928398;
-2935.065120;402.922358;371.045287;427.601384;414.469611;143.554405;390.767911;417.297775;416.999268;173.022809;422.216193;
-2935.065120;402.922358;371.045287;427.601384;414.469611;143.554405;390.767911;417.297775;416.999268;173.022809;422.216193;
-2989.072622;405.527674;358.924910;411.876163;401.947311;222.028970;419.704833;411.755227;424.319040;163.999009;395.084425;
-3175.014708;403.039744;369.525300;414.023922;411.863486;215.814462;397.764533;406.967606;427.847686;170.070471;425.088349;
-3175.014708;403.039744;369.525300;414.023922;411.863486;215.814462;397.764533;406.967606;427.847686;170.070471;425.088349;
-3175.014708;403.039744;369.525300;414.023922;411.863486;215.814462;397.764533;406.967606;427.847686;170.070471;425.088349;
-3235.915985;398.566927;363.151141;413.157012;428.767087;382.640659;411.284621;410.207254;427.472838;227.953427;439.737432;
-3235.915985;398.566927;363.151141;413.157012;428.767087;382.640659;411.284621;410.207254;427.472838;227.953427;439.737432;
-3235.915985;398.566927;363.151141;413.157012;428.767087;382.640659;411.284621;410.207254;427.472838;227.953427;439.737432;
-3235.915985;398.566927;363.151141;413.157012;428.767087;382.640659;411.284621;410.207254;427.472838;227.953427;439.737432;
-3235.915985;398.566927;363.151141;413.157012;428.767087;382.640659;411.284621;410.207254;427.472838;227.953427;439.737432;
-3235.915985;398.566927;363.151141;413.157012;428.767087;382.640659;411.284621;410.207254;427.472838;227.953427;439.737432;
-3235.915985;398.566927;363.151141;413.157012;428.767087;382.640659;411.284621;410.207254;427.472838;227.953427;439.737432;
-3235.915985;398.566927;363.151141;413.157012;428.767087;382.640659;411.284621;410.207254;427.472838;227.953427;439.737432;
-3235.915985;398.566927;363.151141;413.157012;428.767087;382.640659;411.284621;410.207254;427.472838;227.953427;439.737432;
-3552.452043;407.238738;429.900530;409.976173;443.218464;417.366659;394.744163;405.224587;414.110644;472.905451;391.768000;
-3552.452043;407.238738;429.900530;409.976173;443.218464;417.366659;394.744163;405.224587;414.110644;472.905451;391.768000;
-3552.452043;407.238738;429.900530;409.976173;443.218464;417.366659;394.744163;405.224587;414.110644;472.905451;391.768000;
-3552.452043;407.238738;429.900530;409.976173;443.218464;417.366659;394.744163;405.224587;414.110644;472.905451;391.768000;
-3552.452043;407.238738;429.900530;409.976173;443.218464;417.366659;394.744163;405.224587;414.110644;472.905451;391.768000;
-3552.452043;407.238738;429.900530;409.976173;443.218464;417.366659;394.744163;405.224587;414.110644;472.905451;391.768000;
-3552.452043;407.238738;429.900530;409.976173;443.218464;417.366659;394.744163;405.224587;414.110644;472.905451;391.768000;
-3737.579488;432.151139;414.390251;400.428457;440.649680;399.755443;389.322426;419.751452;439.385044;402.592782;396.355152;
-3852.618825;423.594581;419.748583;404.703284;442.128343;447.035061;400.871968;411.331314;431.861755;416.693466;394.307105;
-3852.618825;423.594581;419.748583;404.703284;442.128343;447.035061;400.871968;411.331314;431.861755;416.693466;394.307105;
-3852.618825;423.594581;419.748583;404.703284;442.128343;447.035061;400.871968;411.331314;431.861755;416.693466;394.307105;
-3888.746150;435.622070;418.875873;407.732615;434.758164;425.023375;434.767339;390.099359;435.951715;417.352911;398.984641;
-3888.746150;435.622070;418.875873;407.732615;434.758164;425.023375;434.767339;390.099359;435.951715;417.352911;398.984641;
-3888.746150;435.622070;418.875873;407.732615;434.758164;425.023375;434.767339;390.099359;435.951715;417.352911;398.984641;
-3888.746150;435.622070;418.875873;407.732615;434.758164;425.023375;434.767339;390.099359;435.951715;417.352911;398.984641;
-3888.746150;435.622070;418.875873;407.732615;434.758164;425.023375;434.767339;390.099359;435.951715;417.352911;398.984641;
-3888.746150;435.622070;418.875873;407.732615;434.758164;425.023375;434.767339;390.099359;435.951715;417.352911;398.984641;
-3889.907372;438.822114;417.954660;406.884634;436.758614;415.230510;416.569535;391.508991;438.275432;423.427547;399.824688;
-3889.907372;438.822114;417.954660;406.884634;436.758614;415.230510;416.569535;391.508991;438.275432;423.427547;399.824688;
-3889.907372;438.822114;417.954660;406.884634;436.758614;415.230510;416.569535;391.508991;438.275432;423.427547;399.824688;
-3898.361652;435.446948;420.537581;408.809504;438.052853;422.825636;421.020554;389.739531;435.286452;429.240693;398.834563;
-3898.361652;435.446948;420.537581;408.809504;438.052853;422.825636;421.020554;389.739531;435.286452;429.240693;398.834563;
-3898.361652;435.446948;420.537581;408.809504;438.052853;422.825636;421.020554;389.739531;435.286452;429.240693;398.834563;
-3898.361652;435.446948;420.537581;408.809504;438.052853;422.825636;421.020554;389.739531;435.286452;429.240693;398.834563;
-3969.238614;419.587206;416.155588;402.088838;428.074982;415.333205;440.517550;399.199973;435.709632;433.233149;430.510946;
-3969.238614;419.587206;416.155588;402.088838;428.074982;415.333205;440.517550;399.199973;435.709632;433.233149;430.510946;
-3970.976884;410.628214;422.083158;407.658353;434.761154;426.336034;433.122644;395.886014;429.721753;438.399278;431.268126;
-3970.976884;410.628214;422.083158;407.658353;434.761154;426.336034;433.122644;395.886014;429.721753;438.399278;431.268126;
-3970.976884;410.628214;422.083158;407.658353;434.761154;426.336034;433.122644;395.886014;429.721753;438.399278;431.268126;
-4010.132287;416.689840;419.594513;406.297387;434.520918;419.601317;428.404999;396.601418;433.186943;434.584171;427.907236;
-4024.144854;424.665134;428.463919;416.550409;436.681648;401.661185;435.823250;409.792944;420.188964;434.759483;411.863183;
-4024.144854;424.665134;428.463919;416.550409;436.681648;401.661185;435.823250;409.792944;420.188964;434.759483;411.863183;
-4024.144854;424.665134;428.463919;416.550409;436.681648;401.661185;435.823250;409.792944;420.188964;434.759483;411.863183;
-4024.144854;424.665134;428.463919;416.550409;436.681648;401.661185;435.823250;409.792944;420.188964;434.759483;411.863183;
-4024.144854;424.665134;428.463919;416.550409;436.681648;401.661185;435.823250;409.792944;420.188964;434.759483;411.863183;
-4024.144854;424.665134;428.463919;416.550409;436.681648;401.661185;435.823250;409.792944;420.188964;434.759483;411.863183;
-4024.144854;424.665134;428.463919;416.550409;436.681648;401.661185;435.823250;409.792944;420.188964;434.759483;411.863183;
-4024.144854;424.665134;428.463919;416.550409;436.681648;401.661185;435.823250;409.792944;420.188964;434.759483;411.863183;
-4027.933523;417.029894;424.358887;408.453975;434.114382;428.822265;436.580236;420.870257;417.787930;401.335579;405.328226;
-4048.666127;434.466108;419.811444;410.621320;440.717915;437.168077;409.383502;417.184202;418.230997;420.083485;426.301134;
-4048.666127;434.466108;419.811444;410.621320;440.717915;437.168077;409.383502;417.184202;418.230997;420.083485;426.301134;
-4048.666127;434.466108;419.811444;410.621320;440.717915;437.168077;409.383502;417.184202;418.230997;420.083485;426.301134;
-4048.666127;434.466108;419.811444;410.621320;440.717915;437.168077;409.383502;417.184202;418.230997;420.083485;426.301134;
-4048.666127;434.466108;419.811444;410.621320;440.717915;437.168077;409.383502;417.184202;418.230997;420.083485;426.301134;
-4048.666127;434.466108;419.811444;410.621320;440.717915;437.168077;409.383502;417.184202;418.230997;420.083485;426.301134;
-4060.235510;429.270420;424.286248;412.279477;427.672256;401.707371;425.406297;421.980478;419.595448;441.125547;414.475024;
-4100.825444;428.666173;420.467621;413.136589;435.128312;423.153782;424.615111;413.857250;409.106756;434.277484;419.797099;
-4100.825444;428.666173;420.467621;413.136589;435.128312;423.153782;424.615111;413.857250;409.106756;434.277484;419.797099;
-4100.825444;428.666173;420.467621;413.136589;435.128312;423.153782;424.615111;413.857250;409.106756;434.277484;419.797099;
-4100.825444;428.666173;420.467621;413.136589;435.128312;423.153782;424.615111;413.857250;409.106756;434.277484;419.797099;
-4100.825444;428.666173;420.467621;413.136589;435.128312;423.153782;424.615111;413.857250;409.106756;434.277484;419.797099;
-4100.825444;428.666173;420.467621;413.136589;435.128312;423.153782;424.615111;413.857250;409.106756;434.277484;419.797099;
-4100.825444;428.666173;420.467621;413.136589;435.128312;423.153782;424.615111;413.857250;409.106756;434.277484;419.797099;
-4100.825444;428.666173;420.467621;413.136589;435.128312;423.153782;424.615111;413.857250;409.106756;434.277484;419.797099;
-4100.825444;428.666173;420.467621;413.136589;435.128312;423.153782;424.615111;413.857250;409.106756;434.277484;419.797099;
-4108.981953;411.418095;425.821254;410.776529;420.294491;431.326403;421.007558;410.605414;424.552488;417.684581;434.640429;
-4108.981953;411.418095;425.821254;410.776529;420.294491;431.326403;421.007558;410.605414;424.552488;417.684581;434.640429;
-4108.981953;411.418095;425.821254;410.776529;420.294491;431.326403;421.007558;410.605414;424.552488;417.684581;434.640429;
-4108.981953;411.418095;425.821254;410.776529;420.294491;431.326403;421.007558;410.605414;424.552488;417.684581;434.640429;
-4108.981953;411.418095;425.821254;410.776529;420.294491;431.326403;421.007558;410.605414;424.552488;417.684581;434.640429;
-4108.981953;411.418095;425.821254;410.776529;420.294491;431.326403;421.007558;410.605414;424.552488;417.684581;434.640429;
-4142.553981;427.638858;433.214642;411.421399;424.456046;422.164731;417.469116;415.304003;416.037158;421.647599;418.190991;
-4142.553981;427.638858;433.214642;411.421399;424.456046;422.164731;417.469116;415.304003;416.037158;421.647599;418.190991;
-4142.553981;427.638858;433.214642;411.421399;424.456046;422.164731;417.469116;415.304003;416.037158;421.647599;418.190991;
-4142.553981;427.638858;433.214642;411.421399;424.456046;422.164731;417.469116;415.304003;416.037158;421.647599;418.190991;
-4142.553981;427.638858;433.214642;411.421399;424.456046;422.164731;417.469116;415.304003;416.037158;421.647599;418.190991;
-4142.553981;427.638858;433.214642;411.421399;424.456046;422.164731;417.469116;415.304003;416.037158;421.647599;418.190991;
-4142.553981;427.638858;433.214642;411.421399;424.456046;422.164731;417.469116;415.304003;416.037158;421.647599;418.190991;
-4142.553981;427.638858;433.214642;411.421399;424.456046;422.164731;417.469116;415.304003;416.037158;421.647599;418.190991;
-4142.553981;427.638858;433.214642;411.421399;424.456046;422.164731;417.469116;415.304003;416.037158;421.647599;418.190991;
-4142.553981;427.638858;433.214642;411.421399;424.456046;422.164731;417.469116;415.304003;416.037158;421.647599;418.190991;
-4142.553981;427.638858;433.214642;411.421399;424.456046;422.164731;417.469116;415.304003;416.037158;421.647599;418.190991;
-4142.553981;427.638858;433.214642;411.421399;424.456046;422.164731;417.469116;415.304003;416.037158;421.647599;418.190991;
-4142.553981;427.638858;433.214642;411.421399;424.456046;422.164731;417.469116;415.304003;416.037158;421.647599;418.190991;
-4149.198805;424.898224;427.139990;410.136974;425.613577;421.823896;425.410246;416.011660;416.189990;428.270476;424.073462;
-4149.198805;424.898224;427.139990;410.136974;425.613577;421.823896;425.410246;416.011660;416.189990;428.270476;424.073462;
-4159.060139;423.508889;427.957043;430.142387;415.406855;422.043139;426.368883;415.740898;424.963394;420.862279;420.714883;
-4160.897775;425.338992;426.086785;414.147459;427.191756;419.810839;414.883804;416.169863;418.195810;426.254613;419.517956;
-4160.897775;425.338992;426.086785;414.147459;427.191756;419.810839;414.883804;416.169863;418.195810;426.254613;419.517956;
-4160.897775;425.338992;426.086785;414.147459;427.191756;419.810839;414.883804;416.169863;418.195810;426.254613;419.517956;
-4160.897775;425.338992;426.086785;414.147459;427.191756;419.810839;414.883804;416.169863;418.195810;426.254613;419.517956;
-4160.897775;425.338992;426.086785;414.147459;427.191756;419.810839;414.883804;416.169863;418.195810;426.254613;419.517956;
-4160.897775;425.338992;426.086785;414.147459;427.191756;419.810839;414.883804;416.169863;418.195810;426.254613;419.517956;
-4172.125067;422.847907;426.303595;416.993335;424.427856;420.376525;414.330582;419.056165;416.468250;424.475539;421.396932;
-4172.125067;422.847907;426.303595;416.993335;424.427856;420.376525;414.330582;419.056165;416.468250;424.475539;421.396932;
-4172.125067;422.847907;426.303595;416.993335;424.427856;420.376525;414.330582;419.056165;416.468250;424.475539;421.396932;
-4172.125067;422.847907;426.303595;416.993335;424.427856;420.376525;414.330582;419.056165;416.468250;424.475539;421.396932;
-4178.310069;422.860305;425.564822;427.453803;423.073375;419.877620;418.935987;418.592739;423.787113;422.043917;421.002655;
-4178.310069;422.860305;425.564822;427.453803;423.073375;419.877620;418.935987;418.592739;423.787113;422.043917;421.002655;
-4179.885828;420.483681;425.379560;421.799449;422.177603;420.097743;414.487318;421.738553;424.141565;421.851684;422.677541;
-4179.885828;420.483681;425.379560;421.799449;422.177603;420.097743;414.487318;421.738553;424.141565;421.851684;422.677541;
-4179.885828;420.483681;425.379560;421.799449;422.177603;420.097743;414.487318;421.738553;424.141565;421.851684;422.677541;
-4179.885828;420.483681;425.379560;421.799449;422.177603;420.097743;414.487318;421.738553;424.141565;421.851684;422.677541;
-4179.885828;420.483681;425.379560;421.799449;422.177603;420.097743;414.487318;421.738553;424.141565;421.851684;422.677541;
-4179.885828;420.483681;425.379560;421.799449;422.177603;420.097743;414.487318;421.738553;424.141565;421.851684;422.677541;
-4181.760590;423.289868;423.414294;425.811447;418.007674;420.237338;423.193403;419.245742;423.949960;420.258281;422.546935;
-4181.760590;423.289868;423.414294;425.811447;418.007674;420.237338;423.193403;419.245742;423.949960;420.258281;422.546935;
-4182.032698;422.694093;419.415962;420.935421;422.452432;425.055412;415.254686;420.225053;419.494115;422.145408;421.886820;
-4184.038162;423.005467;421.031597;426.527062;421.267516;420.740795;421.514298;419.413255;423.439573;421.614599;422.168789;
-4184.038162;423.005467;421.031597;426.527062;421.267516;420.740795;421.514298;419.413255;423.439573;421.614599;422.168789;
-4184.038162;423.005467;421.031597;426.527062;421.267516;420.740795;421.514298;419.413255;423.439573;421.614599;422.168789;
-4185.039536;422.979599;421.544249;425.484623;421.414503;421.303663;420.229524;419.556379;423.861996;421.657768;422.179694;
-4185.039536;422.979599;421.544249;425.484623;421.414503;421.303663;420.229524;419.556379;423.861996;421.657768;422.179694;
-4185.039536;422.979599;421.544249;425.484623;421.414503;421.303663;420.229524;419.556379;423.861996;421.657768;422.179694;
-4185.039536;422.979599;421.544249;425.484623;421.414503;421.303663;420.229524;419.556379;423.861996;421.657768;422.179694;
-4185.039536;422.979599;421.544249;425.484623;421.414503;421.303663;420.229524;419.556379;423.861996;421.657768;422.179694;
-4185.039536;422.979599;421.544249;425.484623;421.414503;421.303663;420.229524;419.556379;423.861996;421.657768;422.179694;
-4185.039536;422.979599;421.544249;425.484623;421.414503;421.303663;420.229524;419.556379;423.861996;421.657768;422.179694;
-4185.039536;422.979599;421.544249;425.484623;421.414503;421.303663;420.229524;419.556379;423.861996;421.657768;422.179694;
-4185.039536;422.979599;421.544249;425.484623;421.414503;421.303663;420.229524;419.556379;423.861996;421.657768;422.179694;
-4185.039536;422.979599;421.544249;425.484623;421.414503;421.303663;420.229524;419.556379;423.861996;421.657768;422.179694;
-4186.717294;422.972035;421.473110;423.625184;422.114105;421.449278;420.671025;419.242284;418.882071;422.601914;422.271992;
-4186.717294;422.972035;421.473110;423.625184;422.114105;421.449278;420.671025;419.242284;418.882071;422.601914;422.271992;
-4186.717294;422.972035;421.473110;423.625184;422.114105;421.449278;420.671025;419.242284;418.882071;422.601914;422.271992;
-4186.717294;422.972035;421.473110;423.625184;422.114105;421.449278;420.671025;419.242284;418.882071;422.601914;422.271992;
-4186.717294;422.972035;421.473110;423.625184;422.114105;421.449278;420.671025;419.242284;418.882071;422.601914;422.271992;
-4186.717294;422.972035;421.473110;423.625184;422.114105;421.449278;420.671025;419.242284;418.882071;422.601914;422.271992;
-4186.717294;422.972035;421.473110;423.625184;422.114105;421.449278;420.671025;419.242284;418.882071;422.601914;422.271992;
-4186.717294;422.972035;421.473110;423.625184;422.114105;421.449278;420.671025;419.242284;418.882071;422.601914;422.271992;
-4186.717294;422.972035;421.473110;423.625184;422.114105;421.449278;420.671025;419.242284;418.882071;422.601914;422.271992;
-4186.717294;422.972035;421.473110;423.625184;422.114105;421.449278;420.671025;419.242284;418.882071;422.601914;422.271992;
-4186.717294;422.972035;421.473110;423.625184;422.114105;421.449278;420.671025;419.242284;418.882071;422.601914;422.271992;
-4186.717294;422.972035;421.473110;423.625184;422.114105;421.449278;420.671025;419.242284;418.882071;422.601914;422.271992;
-4186.717294;422.972035;421.473110;423.625184;422.114105;421.449278;420.671025;419.242284;418.882071;422.601914;422.271992;
-4186.717294;422.972035;421.473110;423.625184;422.114105;421.449278;420.671025;419.242284;418.882071;422.601914;422.271992;
-4186.717294;422.972035;421.473110;423.625184;422.114105;421.449278;420.671025;419.242284;418.882071;422.601914;422.271992;
-4186.717294;422.972035;421.473110;423.625184;422.114105;421.449278;420.671025;419.242284;418.882071;422.601914;422.271992;
-4186.717294;422.972035;421.473110;423.625184;422.114105;421.449278;420.671025;419.242284;418.882071;422.601914;422.271992;
-4186.717294;422.972035;421.473110;423.625184;422.114105;421.449278;420.671025;419.242284;418.882071;422.601914;422.271992;
-4186.717294;422.972035;421.473110;423.625184;422.114105;421.449278;420.671025;419.242284;418.882071;422.601914;422.271992;
-4186.717294;422.972035;421.473110;423.625184;422.114105;421.449278;420.671025;419.242284;418.882071;422.601914;422.271992;
-4186.717294;422.972035;421.473110;423.625184;422.114105;421.449278;420.671025;419.242284;418.882071;422.601914;422.271992;
-4186.717294;422.972035;421.473110;423.625184;422.114105;421.449278;420.671025;419.242284;418.882071;422.601914;422.271992;
-4186.717294;422.972035;421.473110;423.625184;422.114105;421.449278;420.671025;419.242284;418.882071;422.601914;422.271992;
-4186.717294;422.972035;421.473110;423.625184;422.114105;421.449278;420.671025;419.242284;418.882071;422.601914;422.271992;
-4186.717294;422.972035;421.473110;423.625184;422.114105;421.449278;420.671025;419.242284;418.882071;422.601914;422.271992;
-4187.270311;422.940188;422.255066;422.512290;422.527262;422.417373;421.253100;420.755740;420.784046;423.027464;419.118973;
-4187.270311;422.940188;422.255066;422.512290;422.527262;422.417373;421.253100;420.755740;420.784046;423.027464;419.118973;
-4187.270311;422.940188;422.255066;422.512290;422.527262;422.417373;421.253100;420.755740;420.784046;423.027464;419.118973;
-4187.270311;422.940188;422.255066;422.512290;422.527262;422.417373;421.253100;420.755740;420.784046;423.027464;419.118973;
-4187.270311;422.940188;422.255066;422.512290;422.527262;422.417373;421.253100;420.755740;420.784046;423.027464;419.118973;
-4187.270311;422.940188;422.255066;422.512290;422.527262;422.417373;421.253100;420.755740;420.784046;423.027464;419.118973;
-4187.270311;422.940188;422.255066;422.512290;422.527262;422.417373;421.253100;420.755740;420.784046;423.027464;419.118973;
-4187.352103;422.934955;422.056121;421.696473;422.435374;419.255522;421.402576;420.708210;420.843371;423.876091;420.485604;
-4187.352103;422.934955;422.056121;421.696473;422.435374;419.255522;421.402576;420.708210;420.843371;423.876091;420.485604;
-4187.352103;422.934955;422.056121;421.696473;422.435374;419.255522;421.402576;420.708210;420.843371;423.876091;420.485604;
-4187.352103;422.934955;422.056121;421.696473;422.435374;419.255522;421.402576;420.708210;420.843371;423.876091;420.485604;
-4187.352103;422.934955;422.056121;421.696473;422.435374;419.255522;421.402576;420.708210;420.843371;423.876091;420.485604;
-4187.645409;422.931303;421.894459;421.641116;422.307357;419.748954;421.377918;419.999361;420.741039;423.599486;421.850210;
-4188.035645;422.940270;421.923887;421.345217;422.304112;419.845988;421.325037;419.891685;420.845340;422.865939;422.118102;
-4188.235421;422.948839;421.952010;421.062427;422.301010;419.938724;421.274500;419.788778;420.945020;422.164891;422.374126;
-4188.268405;422.957027;421.978883;420.792218;422.298046;420.027334;421.226210;419.690450;421.040266;421.495029;422.618760;
-4188.296111;422.482667;422.563491;421.361363;420.141266;420.173237;421.361458;419.913024;419.685926;419.769683;422.189200;
-4188.560077;422.848115;422.269775;420.715746;421.112244;420.225502;421.209859;419.737061;420.691012;421.147054;422.552107;
-4188.560077;422.848115;422.269775;420.715746;421.112244;420.225502;421.209859;419.737061;420.691012;421.147054;422.552107;
-4188.560077;422.848115;422.269775;420.715746;421.112244;420.225502;421.209859;419.737061;420.691012;421.147054;422.552107;
-4188.579332;422.897143;422.251541;420.599496;421.051248;420.246471;421.186712;419.757795;420.823215;420.932927;422.496700;
-4188.579332;422.897143;422.251541;420.599496;421.051248;420.246471;421.186712;419.757795;420.823215;420.932927;422.496700;
-4188.579332;422.897143;422.251541;420.599496;421.051248;420.246471;421.186712;419.757795;420.823215;420.932927;422.496700;
-4188.579332;422.897143;422.251541;420.599496;421.051248;420.246471;421.186712;419.757795;420.823215;420.932927;422.496700;
-4188.579332;422.897143;422.251541;420.599496;421.051248;420.246471;421.186712;419.757795;420.823215;420.932927;422.496700;
-4188.579332;422.897143;422.251541;420.599496;421.051248;420.246471;421.186712;419.757795;420.823215;420.932927;422.496700;
-4188.599792;422.694210;422.232055;421.838073;421.685408;419.433889;421.416321;419.905336;420.726289;421.117898;420.609595;
-4188.599792;422.694210;422.232055;421.838073;421.685408;419.433889;421.416321;419.905336;420.726289;421.117898;420.609595;
-4188.599792;422.694210;422.232055;421.838073;421.685408;419.433889;421.416321;419.905336;420.726289;421.117898;420.609595;
-4188.599792;422.694210;422.232055;421.838073;421.685408;419.433889;421.416321;419.905336;420.726289;421.117898;420.609595;
-4188.778000;422.505068;422.041760;421.961737;420.641264;420.662684;420.747792;420.230125;421.473402;419.311595;420.782719;
-4188.803665;422.471272;421.424845;422.296593;420.939764;420.196384;419.668971;420.043344;421.085994;421.787289;420.706759;
-4188.864545;422.414299;422.032479;421.620321;421.427685;419.587423;421.185938;420.112679;421.236082;420.737675;419.981792;
-4189.126501;422.783749;421.709762;420.651539;420.244653;420.990436;421.168180;420.228805;421.587482;420.659308;421.142225;
-4189.126501;422.783749;421.709762;420.651539;420.244653;420.990436;421.168180;420.228805;421.587482;420.659308;421.142225;
-4189.126501;422.783749;421.709762;420.651539;420.244653;420.990436;421.168180;420.228805;421.587482;420.659308;421.142225;
-4189.126501;422.783749;421.709762;420.651539;420.244653;420.990436;421.168180;420.228805;421.587482;420.659308;421.142225;
-4189.126501;422.783749;421.709762;420.651539;420.244653;420.990436;421.168180;420.228805;421.587482;420.659308;421.142225;
-4189.126501;422.783749;421.709762;420.651539;420.244653;420.990436;421.168180;420.228805;421.587482;420.659308;421.142225;
-4189.126501;422.783749;421.709762;420.651539;420.244653;420.990436;421.168180;420.228805;421.587482;420.659308;421.142225;
-4189.205645;422.695558;421.507710;420.947316;421.334824;421.208561;420.510565;420.216477;421.565393;420.994760;421.552951;
-4189.205645;422.695558;421.507710;420.947316;421.334824;421.208561;420.510565;420.216477;421.565393;420.994760;421.552951;
-4189.205645;422.695558;421.507710;420.947316;421.334824;421.208561;420.510565;420.216477;421.565393;420.994760;421.552951;
-4189.205645;422.695558;421.507710;420.947316;421.334824;421.208561;420.510565;420.216477;421.565393;420.994760;421.552951;
-4189.205645;422.695558;421.507710;420.947316;421.334824;421.208561;420.510565;420.216477;421.565393;420.994760;421.552951;
-4189.205645;422.695558;421.507710;420.947316;421.334824;421.208561;420.510565;420.216477;421.565393;420.994760;421.552951;
-4189.261855;422.687982;421.608739;420.671948;420.754814;420.908182;421.161244;420.230925;421.528491;420.666896;421.030689;
-4189.261855;422.687982;421.608739;420.671948;420.754814;420.908182;421.161244;420.230925;421.528491;420.666896;421.030689;
-4189.261855;422.687982;421.608739;420.671948;420.754814;420.908182;421.161244;420.230925;421.528491;420.666896;421.030689;
-4189.561926;421.276592;420.332158;420.621963;420.915173;420.846899;421.415944;421.856117;421.630693;420.945298;421.193532;
-4189.561926;421.276592;420.332158;420.621963;420.915173;420.846899;421.415944;421.856117;421.630693;420.945298;421.193532;
-4189.686663;421.309085;420.496154;421.457074;420.611897;421.037999;421.221129;421.292120;420.988369;420.532419;421.208737;
-4189.686663;421.309085;420.496154;421.457074;420.611897;421.037999;421.221129;421.292120;420.988369;420.532419;421.208737;
-4189.686663;421.309085;420.496154;421.457074;420.611897;421.037999;421.221129;421.292120;420.988369;420.532419;421.208737;
-4189.686663;421.309085;420.496154;421.457074;420.611897;421.037999;421.221129;421.292120;420.988369;420.532419;421.208737;
-4189.686663;421.309085;420.496154;421.457074;420.611897;421.037999;421.221129;421.292120;420.988369;420.532419;421.208737;
-4189.686663;421.309085;420.496154;421.457074;420.611897;421.037999;421.221129;421.292120;420.988369;420.532419;421.208737;
-4189.686663;421.309085;420.496154;421.457074;420.611897;421.037999;421.221129;421.292120;420.988369;420.532419;421.208737;
-4189.686663;421.309085;420.496154;421.457074;420.611897;421.037999;421.221129;421.292120;420.988369;420.532419;421.208737;
-4189.686663;421.309085;420.496154;421.457074;420.611897;421.037999;421.221129;421.292120;420.988369;420.532419;421.208737;
-4189.686663;421.309085;420.496154;421.457074;420.611897;421.037999;421.221129;421.292120;420.988369;420.532419;421.208737;
-4189.686663;421.309085;420.496154;421.457074;420.611897;421.037999;421.221129;421.292120;420.988369;420.532419;421.208737;
-4189.692573;421.474508;420.536348;420.790925;420.709051;420.773707;421.168854;420.544025;421.260723;420.687185;420.629486;
-4189.692573;421.474508;420.536348;420.790925;420.709051;420.773707;421.168854;420.544025;421.260723;420.687185;420.629486;
-4189.699475;421.345168;420.512014;421.003446;420.637642;421.052892;421.207830;421.016344;421.126857;420.289111;421.077953;
-4189.716732;421.465420;420.529338;420.686635;420.759487;420.909707;421.194010;420.913011;421.339671;421.329887;420.998131;
-4189.716732;421.465420;420.529338;420.686635;420.759487;420.909707;421.194010;420.913011;421.339671;421.329887;420.998131;
-4189.716732;421.465420;420.529338;420.686635;420.759487;420.909707;421.194010;420.913011;421.339671;421.329887;420.998131;
-4189.742722;421.406802;420.538887;420.786080;420.783863;420.857230;421.169098;420.915453;421.301184;420.700035;420.978848;
-4189.742722;421.406802;420.538887;420.786080;420.783863;420.857230;421.169098;420.915453;421.301184;420.700035;420.978848;
-4189.742722;421.406802;420.538887;420.786080;420.783863;420.857230;421.169098;420.915453;421.301184;420.700035;420.978848;
-4189.749515;421.275047;420.518945;421.135413;420.673969;421.006121;421.187501;421.019907;421.085089;420.591096;421.067368;
-4189.752776;421.302089;420.525201;421.060173;420.718842;420.952371;421.180351;420.993232;421.140677;420.591101;421.046673;
-4189.753648;421.544255;420.793498;420.823160;420.760378;421.098202;421.169707;421.035159;421.075237;420.699115;421.119706;
-4189.772734;421.277933;420.799846;420.799455;420.741240;421.193315;421.170822;421.086638;421.120439;420.710214;421.179837;
-4189.772734;421.277933;420.799846;420.799455;420.741240;421.193315;421.170822;421.086638;421.120439;420.710214;421.179837;
-4189.772734;421.277933;420.799846;420.799455;420.741240;421.193315;421.170822;421.086638;421.120439;420.710214;421.179837;
-4189.772734;421.277933;420.799846;420.799455;420.741240;421.193315;421.170822;421.086638;421.120439;420.710214;421.179837;
-4189.772734;421.277933;420.799846;420.799455;420.741240;421.193315;421.170822;421.086638;421.120439;420.710214;421.179837;
-4189.773772;421.381306;420.794166;420.797034;420.760133;421.094450;421.171346;421.033576;421.093321;420.714073;421.117334;
-4189.787148;421.242350;420.793812;420.776170;420.764476;421.058253;421.172503;421.015758;421.107658;420.725166;421.094454;
-4189.794718;421.111237;420.793479;420.756483;420.768573;421.024099;421.173595;420.998946;421.121187;420.735632;421.072865;
-4189.797316;420.987545;420.793165;420.737912;420.772439;420.991878;421.174625;420.983085;421.133949;420.745507;421.052499;
-4189.798174;420.968880;420.738779;420.820245;420.808089;421.111731;421.185168;420.945655;421.107363;420.779009;421.108025;
-4189.798174;420.968880;420.738779;420.820245;420.808089;421.111731;421.185168;420.945655;421.107363;420.779009;421.108025;
-4189.798174;420.968880;420.738779;420.820245;420.808089;421.111731;421.185168;420.945655;421.107363;420.779009;421.108025;
-4189.798174;420.968880;420.738779;420.820245;420.808089;421.111731;421.185168;420.945655;421.107363;420.779009;421.108025;
-4189.804103;421.221237;420.891509;420.903502;420.958433;420.957531;420.757243;421.133388;420.995814;420.795624;421.109929;
-4189.804103;421.221237;420.891509;420.903502;420.958433;420.957531;420.757243;421.133388;420.995814;420.795624;421.109929;
-4189.804103;421.221237;420.891509;420.903502;420.958433;420.957531;420.757243;421.133388;420.995814;420.795624;421.109929;
-4189.806841;421.165893;420.803756;420.811464;420.838881;420.997865;421.043809;420.935014;421.108949;420.823873;421.105712;
-4189.808024;421.033056;420.799892;420.754830;420.828158;420.975907;421.066792;421.021092;421.122615;420.861874;421.105253;
-4189.808024;421.033056;420.799892;420.754830;420.828158;420.975907;421.066792;421.021092;421.122615;420.861874;421.105253;
-4189.808024;421.033056;420.799892;420.754830;420.828158;420.975907;421.066792;421.021092;421.122615;420.861874;421.105253;
-4189.809603;420.997082;420.801255;420.754762;420.833161;420.978833;421.060489;420.963023;421.117817;420.866221;421.105431;
-4189.809603;420.997082;420.801255;420.754762;420.833161;420.978833;421.060489;420.963023;421.117817;420.866221;421.105431;
-4189.809603;420.997082;420.801255;420.754762;420.833161;420.978833;421.060489;420.963023;421.117817;420.866221;421.105431;
-4189.813792;421.099935;420.940221;420.868696;420.928161;420.974443;420.786713;420.933244;421.038064;420.797081;421.111966;
-4189.813792;421.099935;420.940221;420.868696;420.928161;420.974443;420.786713;420.933244;421.038064;420.797081;421.111966;
-4189.813792;421.099935;420.940221;420.868696;420.928161;420.974443;420.786713;420.933244;421.038064;420.797081;421.111966;
-4189.814406;421.047116;420.913409;420.833358;420.880059;420.941121;420.830128;421.030912;421.070990;420.807436;421.109907;
-4189.814406;421.047116;420.913409;420.833358;420.880059;420.941121;420.830128;421.030912;421.070990;420.807436;421.109907;
-4189.814406;421.047116;420.913409;420.833358;420.880059;420.941121;420.830128;421.030912;421.070990;420.807436;421.109907;
-4189.815028;421.098263;421.059216;420.897209;420.857525;420.917208;420.810724;421.010331;421.048878;420.832742;421.080759;
-4189.815585;421.029803;420.889978;420.804819;420.853002;420.939179;420.930154;421.032477;421.093244;420.845743;421.103340;
-4189.815765;421.094353;420.993435;420.770010;420.950119;420.924980;420.994142;420.954154;421.025459;420.849179;421.130584;
-4189.815765;421.094353;420.993435;420.770010;420.950119;420.924980;420.994142;420.954154;421.025459;420.849179;421.130584;
-4189.815765;421.094353;420.993435;420.770010;420.950119;420.924980;420.994142;420.954154;421.025459;420.849179;421.130584;
-4189.815780;421.104161;420.999512;420.767184;420.945643;420.922682;420.961424;420.960455;420.986382;420.842862;421.129271;
-4189.815780;421.104161;420.999512;420.767184;420.945643;420.922682;420.961424;420.960455;420.986382;420.842862;421.129271;
-4189.816041;421.086467;420.980645;421.086521;420.964356;420.933400;420.947612;420.966261;420.793367;420.839554;421.126778;
-4189.823040;420.917629;421.050753;421.065281;420.859958;420.883232;420.938134;420.918020;420.955200;421.018343;421.012541;
-4189.824121;420.925782;420.924412;420.999226;420.866811;420.924821;421.007093;421.022977;421.008972;420.952807;421.089314;
-4189.824121;420.925782;420.924412;420.999226;420.866811;420.924821;421.007093;421.022977;421.008972;420.952807;421.089314;
-4189.824151;420.901919;421.062937;420.915540;421.053697;420.901122;420.899975;420.968429;420.992876;421.033859;421.000362;
-4189.826166;420.937366;420.943090;420.903673;420.915692;420.923990;420.929701;420.956047;420.956536;420.978663;421.062582;
-4189.826166;420.937366;420.943090;420.903673;420.915692;420.923990;420.929701;420.956047;420.956536;420.978663;421.062582;
-4189.826166;420.937366;420.943090;420.903673;420.915692;420.923990;420.929701;420.956047;420.956536;420.978663;421.062582;
-4189.826166;420.937366;420.943090;420.903673;420.915692;420.923990;420.929701;420.956047;420.956536;420.978663;421.062582;
-4189.826166;420.937366;420.943090;420.903673;420.915692;420.923990;420.929701;420.956047;420.956536;420.978663;421.062582;
-4189.826166;420.937366;420.943090;420.903673;420.915692;420.923990;420.929701;420.956047;420.956536;420.978663;421.062582;
-4189.826166;420.937366;420.943090;420.903673;420.915692;420.923990;420.929701;420.956047;420.956536;420.978663;421.062582;
-4189.826166;420.937366;420.943090;420.903673;420.915692;420.923990;420.929701;420.956047;420.956536;420.978663;421.062582;
-4189.826166;420.937366;420.943090;420.903673;420.915692;420.923990;420.929701;420.956047;420.956536;420.978663;421.062582;
-4189.826166;420.937366;420.943090;420.903673;420.915692;420.923990;420.929701;420.956047;420.956536;420.978663;421.062582;
-4189.826166;420.937366;420.943090;420.903673;420.915692;420.923990;420.929701;420.956047;420.956536;420.978663;421.062582;
-4189.826323;420.918579;420.912994;420.901361;420.910587;420.993310;420.953418;420.951724;420.984761;421.032453;420.994419;
-4189.826323;420.918579;420.912994;420.901361;420.910587;420.993310;420.953418;420.951724;420.984761;421.032453;420.994419;
-4189.826620;420.945049;420.900657;420.901125;420.917046;421.003601;420.948486;420.947065;420.990221;421.022103;421.006180;
-4189.826620;420.945049;420.900657;420.901125;420.917046;421.003601;420.948486;420.947065;420.990221;421.022103;421.006180;
-4189.826730;420.947295;420.903245;420.901228;420.914222;420.998101;420.950772;420.948809;420.988921;421.024245;420.999761;
-4189.826730;420.947295;420.903245;420.901228;420.914222;420.998101;420.950772;420.948809;420.988921;421.024245;420.999761;
-4189.826730;420.947295;420.903245;420.901228;420.914222;420.998101;420.950772;420.948809;420.988921;421.024245;420.999761;
-4189.826730;420.947295;420.903245;420.901228;420.914222;420.998101;420.950772;420.948809;420.988921;421.024245;420.999761;
-4189.826904;420.930305;420.949113;420.927415;420.884522;420.974139;420.990687;420.952560;420.960745;420.991449;421.029118;
-4189.827008;420.906706;420.881035;420.957901;420.938281;420.962538;420.955304;420.944414;420.956667;420.962676;421.014238;
-4189.827667;420.963463;420.971039;420.927723;421.026755;420.977299;420.910835;420.953083;420.963742;420.993444;420.978801;
-4189.827847;420.892299;420.961080;420.946991;420.957413;420.947132;420.952585;420.953790;420.956369;420.975960;420.997095;
-4189.827847;420.892299;420.961080;420.946991;420.957413;420.947132;420.952585;420.953790;420.956369;420.975960;420.997095;
-4189.827847;420.892299;420.961080;420.946991;420.957413;420.947132;420.952585;420.953790;420.956369;420.975960;420.997095;
-4189.827847;420.892299;420.961080;420.946991;420.957413;420.947132;420.952585;420.953790;420.956369;420.975960;420.997095;
-4189.827847;420.892299;420.961080;420.946991;420.957413;420.947132;420.952585;420.953790;420.956369;420.975960;420.997095;
-4189.827945;420.966649;420.973916;420.942370;421.018043;420.969913;420.918393;420.954286;420.957602;421.000987;420.980232;
-4189.828049;420.987037;420.979258;420.953786;421.011410;420.984627;420.924086;420.954065;420.952514;421.006749;420.970284;
-4189.828548;420.958119;420.971314;420.950056;421.000823;420.969249;420.929073;420.954915;420.956383;420.975297;420.977072;
-4189.828548;420.958119;420.971314;420.950056;421.000823;420.969249;420.929073;420.954915;420.956383;420.975297;420.977072;
-4189.828548;420.958119;420.971314;420.950056;421.000823;420.969249;420.929073;420.954915;420.956383;420.975297;420.977072;
-4189.828548;420.958119;420.971314;420.950056;421.000823;420.969249;420.929073;420.954915;420.956383;420.975297;420.977072;
-4189.828548;420.958119;420.971314;420.950056;421.000823;420.969249;420.929073;420.954915;420.956383;420.975297;420.977072;
-4189.828548;420.958119;420.971314;420.950056;421.000823;420.969249;420.929073;420.954915;420.956383;420.975297;420.977072;
-4189.828548;420.958119;420.971314;420.950056;421.000823;420.969249;420.929073;420.954915;420.956383;420.975297;420.977072;
-4189.828548;420.958119;420.971314;420.950056;421.000823;420.969249;420.929073;420.954915;420.956383;420.975297;420.977072;
-4189.828548;420.958119;420.971314;420.950056;421.000823;420.969249;420.929073;420.954915;420.956383;420.975297;420.977072;
-4189.828548;420.958119;420.971314;420.950056;421.000823;420.969249;420.929073;420.954915;420.956383;420.975297;420.977072;
-4189.828548;420.958119;420.971314;420.950056;421.000823;420.969249;420.929073;420.954915;420.956383;420.975297;420.977072;
-4189.828548;420.958119;420.971314;420.950056;421.000823;420.969249;420.929073;420.954915;420.956383;420.975297;420.977072;
-4189.828548;420.958119;420.971314;420.950056;421.000823;420.969249;420.929073;420.954915;420.956383;420.975297;420.977072;
-4189.828548;420.958119;420.971314;420.950056;421.000823;420.969249;420.929073;420.954915;420.956383;420.975297;420.977072;
-4189.828548;420.958119;420.971314;420.950056;421.000823;420.969249;420.929073;420.954915;420.956383;420.975297;420.977072;
-4189.828548;420.958119;420.971314;420.950056;421.000823;420.969249;420.929073;420.954915;420.956383;420.975297;420.977072;
-4189.828548;420.958119;420.971314;420.950056;421.000823;420.969249;420.929073;420.954915;420.956383;420.975297;420.977072;
-4189.828548;420.958119;420.971314;420.950056;421.000823;420.969249;420.929073;420.954915;420.956383;420.975297;420.977072;
-4189.828631;420.971460;420.964051;420.963994;420.994293;420.952282;420.954158;420.955609;420.948111;420.977272;420.979452;
-4189.828631;420.971460;420.964051;420.963994;420.994293;420.952282;420.954158;420.955609;420.948111;420.977272;420.979452;
-4189.828639;420.972452;420.967005;420.963881;420.993600;420.958049;420.953371;420.955383;420.952498;420.987427;420.978705;
-4189.828686;420.969536;420.961481;420.965187;420.993369;420.958027;420.947244;420.950688;420.946963;420.972455;420.972569;
-4189.828686;420.969536;420.961481;420.965187;420.993369;420.958027;420.947244;420.950688;420.946963;420.972455;420.972569;
-4189.828767;420.961309;420.962190;420.960793;420.988185;420.981749;420.996269;420.951164;420.953793;420.977116;420.964151;
-4189.828767;420.961309;420.962190;420.960793;420.988185;420.981749;420.996269;420.951164;420.953793;420.977116;420.964151;
-4189.828772;420.956970;420.980829;420.959903;420.989075;420.980727;420.973788;420.953718;420.951994;420.975420;420.961492;
-4189.828772;420.956970;420.980829;420.959903;420.989075;420.980727;420.973788;420.953718;420.951994;420.975420;420.961492;
-4189.828785;420.963146;420.975340;420.947908;420.977460;420.987941;420.966095;420.950931;420.938244;420.972430;420.978720;
-4189.828785;420.963146;420.975340;420.947908;420.977460;420.987941;420.966095;420.950931;420.938244;420.972430;420.978720;
-4189.828785;420.963146;420.975340;420.947908;420.977460;420.987941;420.966095;420.950931;420.938244;420.972430;420.978720;
-4189.828785;420.963146;420.975340;420.947908;420.977460;420.987941;420.966095;420.950931;420.938244;420.972430;420.978720;
-4189.828785;420.963146;420.975340;420.947908;420.977460;420.987941;420.966095;420.950931;420.938244;420.972430;420.978720;
-4189.828785;420.963146;420.975340;420.947908;420.977460;420.987941;420.966095;420.950931;420.938244;420.972430;420.978720;
-4189.828826;420.960069;420.965489;420.959924;420.987470;420.980576;420.990539;420.951087;420.952434;420.978777;420.965698;
-4189.828826;420.960069;420.965489;420.959924;420.987470;420.980576;420.990539;420.951087;420.952434;420.978777;420.965698;
-4189.828826;420.960069;420.965489;420.959924;420.987470;420.980576;420.990539;420.951087;420.952434;420.978777;420.965698;
-4189.828826;420.960069;420.965489;420.959924;420.987470;420.980576;420.990539;420.951087;420.952434;420.978777;420.965698;
-4189.828826;420.960069;420.965489;420.959924;420.987470;420.980576;420.990539;420.951087;420.952434;420.978777;420.965698;
-4189.828826;420.966405;420.970496;420.957959;420.985358;420.976681;420.961343;420.951366;420.942339;420.971942;420.981754;
-4189.828826;420.966405;420.970496;420.957959;420.985358;420.976681;420.961343;420.951366;420.942339;420.971942;420.981754;
-4189.828841;420.983634;420.969229;420.954534;420.977146;420.975532;420.952796;420.952210;420.948001;420.971285;420.974305;
-4189.828914;420.965389;420.977602;420.966586;420.991074;420.971476;420.966819;420.953593;420.949812;420.968769;420.974275;
-4189.828914;420.965389;420.977602;420.966586;420.991074;420.971476;420.966819;420.953593;420.949812;420.968769;420.974275;
-4189.828914;420.965389;420.977602;420.966586;420.991074;420.971476;420.966819;420.953593;420.949812;420.968769;420.974275;
-4189.828914;420.965389;420.977602;420.966586;420.991074;420.971476;420.966819;420.953593;420.949812;420.968769;420.974275;
-4189.828927;420.969678;420.964863;420.962113;420.990943;420.960686;420.963605;420.954767;420.952171;420.970105;420.971441;
-4189.828927;420.969678;420.964863;420.962113;420.990943;420.960686;420.963605;420.954767;420.952171;420.970105;420.971441;
-4189.828927;420.969678;420.964863;420.962113;420.990943;420.960686;420.963605;420.954767;420.952171;420.970105;420.971441;
-4189.828927;420.969678;420.964863;420.962113;420.990943;420.960686;420.963605;420.954767;420.952171;420.970105;420.971441;
-4189.828927;420.969678;420.964863;420.962113;420.990943;420.960686;420.963605;420.954767;420.952171;420.970105;420.971441;
-4189.828927;420.969678;420.964863;420.962113;420.990943;420.960686;420.963605;420.954767;420.952171;420.970105;420.971441;
-4189.828927;420.969678;420.964863;420.962113;420.990943;420.960686;420.963605;420.954767;420.952171;420.970105;420.971441;
-4189.828927;420.969678;420.964863;420.962113;420.990943;420.960686;420.963605;420.954767;420.952171;420.970105;420.971441;
-4189.828927;420.969678;420.964863;420.962113;420.990943;420.960686;420.963605;420.954767;420.952171;420.970105;420.971441;
-4189.828927;420.969678;420.964863;420.962113;420.990943;420.960686;420.963605;420.954767;420.952171;420.970105;420.971441;
-4189.828931;420.976368;420.956428;420.962973;420.975955;420.967757;420.977845;420.952481;420.956394;420.974983;420.975251;
-4189.828931;420.976368;420.956428;420.962973;420.975955;420.967757;420.977845;420.952481;420.956394;420.974983;420.975251;
-4189.828931;420.976368;420.956428;420.962973;420.975955;420.967757;420.977845;420.952481;420.956394;420.974983;420.975251;
-4189.828931;420.976368;420.956428;420.962973;420.975955;420.967757;420.977845;420.952481;420.956394;420.974983;420.975251;
-4189.828931;420.976368;420.956428;420.962973;420.975955;420.967757;420.977845;420.952481;420.956394;420.974983;420.975251;
-4189.828931;420.976368;420.956428;420.962973;420.975955;420.967757;420.977845;420.952481;420.956394;420.974983;420.975251;
-4189.828931;420.976368;420.956428;420.962973;420.975955;420.967757;420.977845;420.952481;420.956394;420.974983;420.975251;
-4189.828931;420.976368;420.956428;420.962973;420.975955;420.967757;420.977845;420.952481;420.956394;420.974983;420.975251;
-4189.828931;420.976368;420.956428;420.962973;420.975955;420.967757;420.977845;420.952481;420.956394;420.974983;420.975251;
-4189.828931;420.976368;420.956428;420.962973;420.975955;420.967757;420.977845;420.952481;420.956394;420.974983;420.975251;
-4189.828931;420.976368;420.956428;420.962973;420.975955;420.967757;420.977845;420.952481;420.956394;420.974983;420.975251;
-4189.828931;420.976368;420.956428;420.962973;420.975955;420.967757;420.977845;420.952481;420.956394;420.974983;420.975251;
-4189.828931;420.976368;420.956428;420.962973;420.975955;420.967757;420.977845;420.952481;420.956394;420.974983;420.975251;
-4189.828931;420.976368;420.956428;420.962973;420.975955;420.967757;420.977845;420.952481;420.956394;420.974983;420.975251;
-4189.828931;420.976368;420.956428;420.962973;420.975955;420.967757;420.977845;420.952481;420.956394;420.974983;420.975251;
-4189.828931;420.976368;420.956428;420.962973;420.975955;420.967757;420.977845;420.952481;420.956394;420.974983;420.975251;
-4189.828931;420.976368;420.956428;420.962973;420.975955;420.967757;420.977845;420.952481;420.956394;420.974983;420.975251;
-4189.828931;420.976368;420.956428;420.962973;420.975955;420.967757;420.977845;420.952481;420.956394;420.974983;420.975251;
-4189.828931;420.976368;420.956428;420.962973;420.975955;420.967757;420.977845;420.952481;420.956394;420.974983;420.975251;
-4189.828931;420.976368;420.956428;420.962973;420.975955;420.967757;420.977845;420.952481;420.956394;420.974983;420.975251;
-4189.828931;420.976368;420.956428;420.962973;420.975955;420.967757;420.977845;420.952481;420.956394;420.974983;420.975251;
-4189.828931;420.976368;420.956428;420.962973;420.975955;420.967757;420.977845;420.952481;420.956394;420.974983;420.975251;
-4189.828931;420.976368;420.956428;420.962973;420.975955;420.967757;420.977845;420.952481;420.956394;420.974983;420.975251;
-4189.828931;420.976368;420.956428;420.962973;420.975955;420.967757;420.977845;420.952481;420.956394;420.974983;420.975251;
-4189.828931;420.976368;420.956428;420.962973;420.975955;420.967757;420.977845;420.952481;420.956394;420.974983;420.975251;
-4189.828931;420.976368;420.956428;420.962973;420.975955;420.967757;420.977845;420.952481;420.956394;420.974983;420.975251;
-4189.829005;420.969563;420.956556;420.966028;420.975956;420.966842;420.977856;420.955968;420.956328;420.974946;420.973390;
-4189.829005;420.969563;420.956556;420.966028;420.975956;420.966842;420.977856;420.955968;420.956328;420.974946;420.973390;
-4189.829005;420.969563;420.956556;420.966028;420.975956;420.966842;420.977856;420.955968;420.956328;420.974946;420.973390;
-4189.829005;420.969563;420.956556;420.966028;420.975956;420.966842;420.977856;420.955968;420.956328;420.974946;420.973390;
-4189.829005;420.969563;420.956556;420.966028;420.975956;420.966842;420.977856;420.955968;420.956328;420.974946;420.973390;
-4189.829005;420.969563;420.956556;420.966028;420.975956;420.966842;420.977856;420.955968;420.956328;420.974946;420.973390;
-4189.829005;420.969563;420.956556;420.966028;420.975956;420.966842;420.977856;420.955968;420.956328;420.974946;420.973390;
-4189.829005;420.969563;420.956556;420.966028;420.975956;420.966842;420.977856;420.955968;420.956328;420.974946;420.973390;
-4189.829005;420.969563;420.956556;420.966028;420.975956;420.966842;420.977856;420.955968;420.956328;420.974946;420.973390;
-4189.829005;420.969563;420.956556;420.966028;420.975956;420.966842;420.977856;420.955968;420.956328;420.974946;420.973390;
-4189.829005;420.969563;420.956556;420.966028;420.975956;420.966842;420.977856;420.955968;420.956328;420.974946;420.973390;
-4189.829005;420.969563;420.956556;420.966028;420.975956;420.966842;420.977856;420.955968;420.956328;420.974946;420.973390;
-4189.829005;420.969563;420.956556;420.966028;420.975956;420.966842;420.977856;420.955968;420.956328;420.974946;420.973390;
-4189.829005;420.969563;420.956556;420.966028;420.975956;420.966842;420.977856;420.955968;420.956328;420.974946;420.973390;
-4189.829005;420.969563;420.956556;420.966028;420.975956;420.966842;420.977856;420.955968;420.956328;420.974946;420.973390;
-4189.829005;420.969563;420.956556;420.966028;420.975956;420.966842;420.977856;420.955968;420.956328;420.974946;420.973390;
-4189.829005;420.969563;420.956556;420.966028;420.975956;420.966842;420.977856;420.955968;420.956328;420.974946;420.973390;
-4189.829005;420.969563;420.956556;420.966028;420.975956;420.966842;420.977856;420.955968;420.956328;420.974946;420.973390;
-4189.829005;420.969563;420.956556;420.966028;420.975956;420.966842;420.977856;420.955968;420.956328;420.974946;420.973390;
-4189.829005;420.969563;420.956556;420.966028;420.975956;420.966842;420.977856;420.955968;420.956328;420.974946;420.973390;
-4189.829005;420.969563;420.956556;420.966028;420.975956;420.966842;420.977856;420.955968;420.956328;420.974946;420.973390;
-4189.829005;420.969563;420.956556;420.966028;420.975956;420.966842;420.977856;420.955968;420.956328;420.974946;420.973390;
-4189.829005;420.969563;420.956556;420.966028;420.975956;420.966842;420.977856;420.955968;420.956328;420.974946;420.973390;
-4189.829005;420.969563;420.956556;420.966028;420.975956;420.966842;420.977856;420.955968;420.956328;420.974946;420.973390;
-4189.829005;420.969563;420.956556;420.966028;420.975956;420.966842;420.977856;420.955968;420.956328;420.974946;420.973390;
-4189.829005;420.969563;420.956556;420.966028;420.975956;420.966842;420.977856;420.955968;420.956328;420.974946;420.973390;
-4189.829005;420.969563;420.956556;420.966028;420.975956;420.966842;420.977856;420.955968;420.956328;420.974946;420.973390;
-4189.829005;420.969563;420.956556;420.966028;420.975956;420.966842;420.977856;420.955968;420.956328;420.974946;420.973390;
-4189.829005;420.969563;420.956556;420.966028;420.975956;420.966842;420.977856;420.955968;420.956328;420.974946;420.973390;
-4189.829005;420.969563;420.956556;420.966028;420.975956;420.966842;420.977856;420.955968;420.956328;420.974946;420.973390;
-4189.829005;420.969563;420.956556;420.966028;420.975956;420.966842;420.977856;420.955968;420.956328;420.974946;420.973390;
-4189.829005;420.969563;420.956556;420.966028;420.975956;420.966842;420.977856;420.955968;420.956328;420.974946;420.973390;
-4189.829005;420.969563;420.956556;420.966028;420.975956;420.966842;420.977856;420.955968;420.956328;420.974946;420.973390;
-4189.829005;420.969563;420.956556;420.966028;420.975956;420.966842;420.977856;420.955968;420.956328;420.974946;420.973390;
-4189.829005;420.969563;420.956556;420.966028;420.975956;420.966842;420.977856;420.955968;420.956328;420.974946;420.973390;
-4189.829005;420.969563;420.956556;420.966028;420.975956;420.966842;420.977856;420.955968;420.956328;420.974946;420.973390;
-4189.829005;420.969563;420.956556;420.966028;420.975956;420.966842;420.977856;420.955968;420.956328;420.974946;420.973390;
-4189.829005;420.969563;420.956556;420.966028;420.975956;420.966842;420.977856;420.955968;420.956328;420.974946;420.973390;
-4189.829005;420.969563;420.956556;420.966028;420.975956;420.966842;420.977856;420.955968;420.956328;420.974946;420.973390;
-4189.829005;420.969563;420.956556;420.966028;420.975956;420.966842;420.977856;420.955968;420.956328;420.974946;420.973390;
-4189.829005;420.969563;420.956556;420.966028;420.975956;420.966842;420.977856;420.955968;420.956328;420.974946;420.973390;
-4189.829005;420.969563;420.956556;420.966028;420.975956;420.966842;420.977856;420.955968;420.956328;420.974946;420.973390;
-4189.829005;420.969563;420.956556;420.966028;420.975956;420.966842;420.977856;420.955968;420.956328;420.974946;420.973390;
-4189.829005;420.969563;420.956556;420.966028;420.975956;420.966842;420.977856;420.955968;420.956328;420.974946;420.973390;
-4189.829005;420.969563;420.956556;420.966028;420.975956;420.966842;420.977856;420.955968;420.956328;420.974946;420.973390;
-4189.829005;420.969563;420.956556;420.966028;420.975956;420.966842;420.977856;420.955968;420.956328;420.974946;420.973390;
-4189.829005;420.969563;420.956556;420.966028;420.975956;420.966842;420.977856;420.955968;420.956328;420.974946;420.973390;
-4189.829005;420.969563;420.956556;420.966028;420.975956;420.966842;420.977856;420.955968;420.956328;420.974946;420.973390;
-4189.829005;420.969563;420.956556;420.966028;420.975956;420.966842;420.977856;420.955968;420.956328;420.974946;420.973390;
-4189.829005;420.969563;420.956556;420.966028;420.975956;420.966842;420.977856;420.955968;420.956328;420.974946;420.973390;
-4189.829005;420.969563;420.956556;420.966028;420.975956;420.966842;420.977856;420.955968;420.956328;420.974946;420.973390;
-4189.829005;420.969563;420.956556;420.966028;420.975956;420.966842;420.977856;420.955968;420.956328;420.974946;420.973390;
-4189.829005;420.969563;420.956556;420.966028;420.975956;420.966842;420.977856;420.955968;420.956328;420.974946;420.973390;
-4189.829005;420.969563;420.956556;420.966028;420.975956;420.966842;420.977856;420.955968;420.956328;420.974946;420.973390;
-4189.829005;420.969563;420.956556;420.966028;420.975956;420.966842;420.977856;420.955968;420.956328;420.974946;420.973390;
-4189.829005;420.969563;420.956556;420.966028;420.975956;420.966842;420.977856;420.955968;420.956328;420.974946;420.973390;
-4189.829005;420.969563;420.956556;420.966028;420.975956;420.966842;420.977856;420.955968;420.956328;420.974946;420.973390;
-4189.829005;420.969563;420.956556;420.966028;420.975956;420.966842;420.977856;420.955968;420.956328;420.974946;420.973390;
-4189.829005;420.969563;420.956556;420.966028;420.975956;420.966842;420.977856;420.955968;420.956328;420.974946;420.973390;
-4189.829005;420.969563;420.956556;420.966028;420.975956;420.966842;420.977856;420.955968;420.956328;420.974946;420.973390;
-4189.829005;420.969563;420.956556;420.966028;420.975956;420.966842;420.977856;420.955968;420.956328;420.974946;420.973390;
-4189.829005;420.969563;420.956556;420.966028;420.975956;420.966842;420.977856;420.955968;420.956328;420.974946;420.973390;
-4189.829005;420.969563;420.956556;420.966028;420.975956;420.966842;420.977856;420.955968;420.956328;420.974946;420.973390;
-4189.829005;420.969563;420.956556;420.966028;420.975956;420.966842;420.977856;420.955968;420.956328;420.974946;420.973390;
-4189.829005;420.969563;420.956556;420.966028;420.975956;420.966842;420.977856;420.955968;420.956328;420.974946;420.973390;
-4189.829005;420.969563;420.956556;420.966028;420.975956;420.966842;420.977856;420.955968;420.956328;420.974946;420.973390;
-4189.829005;420.969563;420.956556;420.966028;420.975956;420.966842;420.977856;420.955968;420.956328;420.974946;420.973390;
-4189.829005;420.969563;420.956556;420.966028;420.975956;420.966842;420.977856;420.955968;420.956328;420.974946;420.973390;
-4189.829005;420.969563;420.956556;420.966028;420.975956;420.966842;420.977856;420.955968;420.956328;420.974946;420.973390;
-4189.829005;420.969563;420.956556;420.966028;420.975956;420.966842;420.977856;420.955968;420.956328;420.974946;420.973390;
-4189.829005;420.969563;420.956556;420.966028;420.975956;420.966842;420.977856;420.955968;420.956328;420.974946;420.973390;
-4189.829005;420.969563;420.956556;420.966028;420.975956;420.966842;420.977856;420.955968;420.956328;420.974946;420.973390;
-4189.829005;420.969563;420.956556;420.966028;420.975956;420.966842;420.977856;420.955968;420.956328;420.974946;420.973390;
-4189.829005;420.969563;420.956556;420.966028;420.975956;420.966842;420.977856;420.955968;420.956328;420.974946;420.973390;
-4189.829005;420.969563;420.956556;420.966028;420.975956;420.966842;420.977856;420.955968;420.956328;420.974946;420.973390;
-4189.829005;420.969563;420.956556;420.966028;420.975956;420.966842;420.977856;420.955968;420.956328;420.974946;420.973390;
-4189.829009;420.969830;420.961880;420.964236;420.975897;420.976358;420.976328;420.955476;420.956630;420.971990;420.973483;
-4189.829009;420.969830;420.961880;420.964236;420.975897;420.976358;420.976328;420.955476;420.956630;420.971990;420.973483;
-4189.829009;420.969830;420.961880;420.964236;420.975897;420.976358;420.976328;420.955476;420.956630;420.971990;420.973483;
-4189.829009;420.969830;420.961880;420.964236;420.975897;420.976358;420.976328;420.955476;420.956630;420.971990;420.973483;
-4189.829009;420.969830;420.961880;420.964236;420.975897;420.976358;420.976328;420.955476;420.956630;420.971990;420.973483;
-4189.829009;420.969830;420.961880;420.964236;420.975897;420.976358;420.976328;420.955476;420.956630;420.971990;420.973483;
-4189.829009;420.969830;420.961880;420.964236;420.975897;420.976358;420.976328;420.955476;420.956630;420.971990;420.973483;
-4189.829009;420.969830;420.961880;420.964236;420.975897;420.976358;420.976328;420.955476;420.956630;420.971990;420.973483;
-4189.829009;420.969830;420.961880;420.964236;420.975897;420.976358;420.976328;420.955476;420.956630;420.971990;420.973483;
-4189.829009;420.969830;420.961880;420.964236;420.975897;420.976358;420.976328;420.955476;420.956630;420.971990;420.973483;
-4189.829009;420.969830;420.961880;420.964236;420.975897;420.976358;420.976328;420.955476;420.956630;420.971990;420.973483;
-4189.829009;420.969830;420.961880;420.964236;420.975897;420.976358;420.976328;420.955476;420.956630;420.971990;420.973483;
-4189.829009;420.969830;420.961880;420.964236;420.975897;420.976358;420.976328;420.955476;420.956630;420.971990;420.973483;
-4189.829009;420.969830;420.961880;420.964236;420.975897;420.976358;420.976328;420.955476;420.956630;420.971990;420.973483;
-4189.829009;420.969830;420.961880;420.964236;420.975897;420.976358;420.976328;420.955476;420.956630;420.971990;420.973483;
-4189.829009;420.969830;420.961880;420.964236;420.975897;420.976358;420.976328;420.955476;420.956630;420.971990;420.973483;
-4189.829009;420.969830;420.961880;420.964236;420.975897;420.976358;420.976328;420.955476;420.956630;420.971990;420.973483;
-4189.829009;420.969830;420.961880;420.964236;420.975897;420.976358;420.976328;420.955476;420.956630;420.971990;420.973483;
-4189.829009;420.969830;420.961880;420.964236;420.975897;420.976358;420.976328;420.955476;420.956630;420.971990;420.973483;
-4189.829009;420.969830;420.961880;420.964236;420.975897;420.976358;420.976328;420.955476;420.956630;420.971990;420.973483;
-4189.829033;420.969832;420.961867;420.964228;420.975895;420.976358;420.976323;420.955461;420.956630;420.971990;420.973474;
-4189.829042;420.969832;420.961872;420.964223;420.975887;420.976358;420.976330;420.955469;420.956637;420.971990;420.973469;
-4189.829042;420.969832;420.961872;420.964223;420.975887;420.976358;420.976330;420.955469;420.956637;420.971990;420.973469;
-4189.829042;420.969832;420.961872;420.964223;420.975887;420.976358;420.976330;420.955469;420.956637;420.971990;420.973469;
-4189.829042;420.969832;420.961872;420.964223;420.975887;420.976358;420.976330;420.955469;420.956637;420.971990;420.973469;
-4189.829042;420.969832;420.961872;420.964223;420.975887;420.976358;420.976330;420.955469;420.956637;420.971990;420.973469;
-4189.829042;420.969832;420.961872;420.964223;420.975887;420.976358;420.976330;420.955469;420.956637;420.971990;420.973469;
